client_type,age,annual_income,loan_amount,loan_duration_months,interest_rate,past_defaults,credit_history_years,existing_loans,monthly_payment_ratio,collateral_value,days_late_avg,sector_Commerce,sector_Industrie,sector_Services,sector_Transport,country_Congo,country_Gabon,country_Tchad
-0.027292697262357602,0.05557109410572626,-1.4436843653585576,0.6234665923996798,0.25289084445934007,0.48077287248010325,29.919890057432095,0.006951510319163038,-0.07684234384741226,6.596864820652306,0.06344029390760955,39.56941597740075,0.0195145517952365,-0.04844240397787824,0.08179717415424399,-0.03174410529612567,-0.0001567770146333886,-0.013053352093873151,0.29532862555733425
0.4354197881498359,0.3163974163054225,15.885937410157974,0.22255265454091352,0.16084919563999178,0.16693805833345005,28.87776558603427,0.029450075819963832,0.0799262783991916,6.359177395635624,0.02298118663422742,23.510441215092648,0.020129281486343117,-0.1682772522976751,-0.030522329975011437,-0.028004677753014132,0.0013525708259450328,-0.006360929238016525,-0.052282604714333804
-0.005426034794640477,-0.22638402223413742,-0.10495113537703941,0.034785307007938325,-1.7767207414745552,-0.042729612670949726,-38.88977066525471,2.9024849801439863,0.5040519969228774,3.1569391715218877,0.48408383962485535,-38.81243873268247,-0.07954131546148052,-0.010698508342402328,-0.02908326978211959,-0.09334120953592953,0.020778424938850442,-0.014381920095658628,-0.04419755920550798
-0.007258005883956143,0.5000236102199255,-8.867810702439739,-0.19585423104168703,0.2897808715854845,-0.22554735566965178,24.787237882552315,-0.4744452097631269,0.04024115374237449,-9.748670061465402,0.079515486584663,-38.891658357515965,0.01848156307860172,-0.009599949503420023,-0.0345589270968142,-0.058409095514183156,0.0002993025011840741,-0.010707266079600614,0.03317603973212549
-0.11765086727523374,-0.10200022694565372,10.810946528023212,-0.15536897698844881,0.19169353541706374,-0.024320229939566812,28.875192589422312,-0.31547465206643793,-0.1042305029004877,3.7248454184407893,0.046186276658315865,12.809510302516259,0.019509845059315238,-0.25901961888219566,0.07605638238629055,-0.03221213545146621,0.0002350309423896733,-0.006929638068934578,0.2863885780175923
-0.028626847633253558,-0.48934613406783595,13.171739867997546,0.14651310812646917,0.32784151703583675,-0.08374556234566881,26.925044033666392,0.02045041749557392,0.15103536618728586,0.8189791038621186,-0.033522497262184064,-38.0358732340691,0.018152349009304715,-0.05890911559280204,0.04195883491739423,-0.060142325274252915,0.0037126804795221163,-0.0049689032433773124,-0.04713579468428963
-0.011738958514080347,-0.3634101522763748,-10.902921061000269,-0.09678158882523058,0.22523373672533006,-0.07682649478027404,28.900258795475928,-0.308579369917904,0.05261976784500919,13.692906446964889,-0.004703421989207529,18.200033983673283,0.019642104132230248,0.018199307581181115,-0.03074339252854702,-0.02875197753953327,0.0007296929187987585,-0.013598884578410667,-0.03834923261075152
0.036538032487416286,0.0635004788894996,-14.065501395181869,-1.0597477302368863,-0.2268281270046513,-0.08979374097233514,23.996955883901123,1.7139568228095134,0.08154399505050922,3.7508427445407535,-0.03271609439531296,-29.883129722674806,0.008615582804890942,-0.00777086720050261,0.014460312194081514,-0.058339493100680935,-0.020436790525016707,0.03132387455284587,-0.04624964852754942
-0.025469442003555682,-0.03530080406629988,-9.87260664495188,0.762490071749177,0.2787540414304454,0.4882258393705286,30.45557005089644,-0.26042821096576946,-0.06343410377872345,13.535378254041941,-0.16478470024442204,38.518362323043405,0.0195145517952365,-0.03624850592449806,-0.04484911130041285,0.11113143106600333,-0.00020186982928552212,-0.013053352093873151,-0.02640516879146774
0.03925793449583527,0.26682301032944405,6.074554919766143,-0.36987355902087554,-1.6563338677303212,0.05773951367170441,-41.84244097040112,-1.6861136290757668,0.6002098785406889,18.21665074285461,-0.2296749701176741,-41.21441198201548,-0.10524448518147249,-0.03661823370603486,-0.2166818091032437,-0.07189302232415123,-0.014231321633566408,-0.006510131926634283,0.010121026293626307
-0.0382826828748568,-0.06021581632958787,-0.9053512067346411,-0.0729588991885545,0.15185969996013646,0.03062530003694267,27.738432592304317,0.029722276449492147,0.013115834637781841,-3.0284452305855605,-0.42161980821811695,35.515001771826675,0.019997033772109797,0.09007718256180097,-0.030601913519395174,-0.029675844067489313,0.0004798632061670946,-0.013081909423472876,-0.04205014826468601
0.09804014240096091,-0.18305344031639595,10.814829243155446,0.18915030353217163,0.2656994131915234,-0.07502510151952797,28.14167263108809,0.09323100308640518,0.10668303432615937,-9.791300991001346,0.2178975242834592,-34.94089397284836,0.01946269954736563,-0.051590121465111216,-0.012698243052553465,0.25895695695457677,-0.001677709544782746,0.02755390654508804,-0.002900203379155451
0.07478798801827097,0.0077401274243564955,3.8802463702337957,0.16409568462484989,0.2817272051447572,0.16578094945125527,27.201845104887187,0.03329859845998757,0.0429131617719358,-5.388250977991969,0.08076237875399994,16.898223590080782,0.019659174011195702,-0.030734345880895554,-0.031295079962416074,-0.030384447263702444,-0.00016895657010400578,-0.01012620242089696,0.3034834252071325
-0.011645538746156309,-0.18375465921028789,-12.30240708135663,0.5408690215537584,0.30883179163832714,-0.029623733519338818,25.877549891684215,-0.36591883880049875,-0.05514873603102034,-2.035095458826892,0.054163680932719296,9.728916077340234,-0.09545424464380917,-0.02088088096844663,-0.031459246885525025,-0.05161222102748626,0.0007075027480107978,-0.009418025706088047,0.21541061542162104
-0.024236818276666208,0.6822883594872389,5.262210456307428,0.8495172883190549,-1.6534240411822236,0.3685390454481083,-101.00695161546572,-4.244642521528679,1.8226812814462556,0.8715783181889645,0.03692684270925736,-21.454125826672996,0.2407787744248351,-0.03630736361723824,0.9013049243745674,-0.26194289654673686,-0.011744457447150346,-0.010766165551415349,-0.04499608219357493
-0.000909188427385079,-0.5269014064370524,3.35146973763305,-0.17394427816426106,1.8022655910065928,-0.058310450918958125,-38.74021362596507,1.056242605212895,-0.22054634104192658,-14.059533605594853,-0.12827144742189311,-34.82982525851386,-0.08251837064224135,-0.019524077015471448,-0.04949071046863256,-0.07508643314047604,-0.01818596100742869,-0.011328442596881313,-0.0026021595463828146
-0.049480684497209666,0.19338364468771974,-12.682655135757308,-0.14289419879947357,-0.4226493573928188,0.07793224959839946,27.407428837867805,0.11759121319119563,0.046134863797070685,-0.5286142240285447,0.08013408325634816,35.79183704841193,0.014665421757976948,-0.039412286969487946,-0.03178269407381968,-0.032541061430740474,0.0026235673049988368,-0.013081909423472876,0.1286007046214999
-0.01573841367802353,0.7057954018306946,16.62739774312067,0.16995249936058324,0.5549947311173974,0.15247322943562594,24.9817951505603,1.8817840402438892,-0.11710084625351051,1.1261609328825153,-0.025446807967748206,-27.478248838118027,0.013797078390077332,0.12037207053323724,-0.007060605607386649,-0.057860817421258745,0.0010393317997769622,0.021330768226895225,-0.04975024427985554
-0.006157930852458729,-0.13197633385689045,-15.0956128797539,0.044436469330421856,0.1778102585396003,-0.1679873933700882,26.39377995630293,-0.04838100278940321,0.1517761995062456,16.024031270422554,0.1397950573857984,-9.108502828701578,0.014646469184642998,-0.021858360685949332,-0.05468112807387862,-0.04020153772450856,-7.702218519815909e-05,0.04702204953062247,-0.011028143168182727
-0.0024557409620112685,0.28172538559277255,-4.982202761098854,-0.18726199074465338,-0.4191544613197638,-0.16882810114398586,24.62963102077216,1.839014292500439,-0.3772760901225564,4.639639856384629,0.08399669321155155,-42.11734345110312,0.011731531101605365,0.017835641556453594,-0.007263174776202098,-0.0639410694029348,0.0017633318128184266,-0.00894851997805049,-0.08742420212218682
-0.02470563400323796,-0.7631676136513365,14.187757218604482,0.05139105921625498,0.5333731092299059,-0.22890300430335522,27.50116316428299,-0.5805789554710628,-0.1461496723734519,3.6953782487498987,-0.6538669854764316,-44.5128754901163,0.018282916015194172,-0.04661558228802289,0.04510173262519612,-0.04249937631034837,0.004560608537110829,0.020521349254675147,-0.05731604387575675
-0.022129348645764612,-0.15381742213795702,-13.895188395870926,0.09018055978135894,-0.15859946916752377,-0.11796285820246108,27.20933349558239,-0.5409655040991422,-0.15939361520605141,0.5815206613736318,0.0073363530751501945,30.145490792411795,0.014721150981293856,-0.02711355592106672,-0.0312528418532854,0.1312921715141939,0.007825127810438993,0.06294058569656694,-0.06723525525227024
-0.024043639197449385,-0.1619764252412621,-2.888379884072384,-0.14618680755050328,0.1730820894004579,-0.0610225780797744,26.709706255672494,0.01925929433239284,-0.09384054807895162,-3.8866671431754254,0.03506283579953041,17.154043336059964,0.019661056705564204,-0.045791302654883854,-0.030883373597220726,0.1280571285382367,-0.00016593296825241725,-0.013252117004699719,-0.040557389799349884
-0.02462275427288978,0.4975922836337146,4.811855019665269,0.191447440899336,-0.1823347611186748,0.13330524852627498,28.640939928599796,-0.4659063023458939,-0.09040183808869394,0.6621129436900832,0.4509964904246986,32.63925514536386,-0.09085096799297168,-0.037339592916628125,-0.01954704620181865,-0.03293184521719782,0.0004083552526758913,-0.009955994839670117,-0.00804303983781075
-0.02714025509103178,-0.5496754741172485,-13.085755062654819,-0.009961520923493616,-0.2631633996693375,0.7379374066281884,-28.021421140184067,0.16876172578639798,-0.16916690500980328,-2.4143464061507185,-0.04827469689354771,38.01162014909523,0.014675329413077812,-0.04558088240619645,0.10626794352082378,-0.04294420258716069,0.009052102317034738,-0.0389332303804236,-0.014579571177664938
0.047275003619281164,0.13309492209158927,6.028077507979699,0.09441629687089628,-0.17784844236844363,-0.07583069514794202,28.210310656761784,-0.2922781167991411,-0.07948986385681826,-7.788717451647457,-0.39843440839553546,33.89542985956295,0.016638944895652655,0.05514537096798358,-0.034464956760037455,-0.03309637454362371,0.00137717718534191,0.15811906182306817,-0.02139410134862379
-0.01348241430452702,0.10712394527945798,-2.3108603286041145,-0.17527729752441043,-0.17309944412519385,0.01605002117603213,24.628126210658944,1.7823442089657915,-0.10048505555642219,-12.600674740490467,-0.3932349103826964,9.689577528633347,0.012485113925874567,0.07694059585546409,-0.016212427047209984,-0.039887090737226724,-0.0025977157196969487,-0.03966983289063474,-0.03016884451036483
0.010834755522787209,1.2086127703542946,9.446888408550608,-0.016205068085448995,1.698800632163892,-0.007918374035075426,-37.68263745125174,-1.4961580711417217,0.10421682427318674,-9.887847830414682,-0.09055455970551878,-43.892370886828,0.026004571668740147,-0.057882202223825736,-0.04805071681508537,-0.0545289133435394,0.025285169187745697,-0.00837800045608807,-0.009338430734592824
-0.11750636689356136,0.07754338626791092,15.584164434094157,-0.0077818039362986926,0.15558427621753532,0.05864536769149205,28.38612939588862,-0.40947367949045366,0.07241846841761053,-15.413267489907534,0.0010344581092552915,30.734332380044748,0.017485665403609834,-0.23474869216466177,-0.03303084919090045,-0.03040067028788037,0.0007485669960657029,0.056798818997247945,0.0005961178182015542
-0.04941353651047237,0.1362574803111924,17.079639540195288,-0.05898115666182134,-0.4014108511649203,0.5191317226457731,31.22940118846008,-0.2550578974256241,0.03092911526655122,17.372751642417487,0.10602120675774467,33.77840239718635,0.01976772777475255,0.4602027304267375,-0.05475545399158681,-0.027569271039745102,0.0006017616902674018,-0.006805607656069385,0.001964511021949059
-0.012400147383315087,0.11895090105536277,16.424935918804415,-1.4409026328815295,-0.1667188471279439,-0.10434652371141481,33.02224013032978,-0.9858381297883718,0.2097514726441614,13.729046488202997,0.07507817526505227,4.840899069223435,0.0249851850084924,0.11894335899773477,-0.027036185043538902,-0.036965583346488674,-0.0305274261025159,0.014284786588653176,-0.024456243908413073
-0.006061747827635715,0.3152245588766274,5.96655099834782,-0.31730997540346434,-0.3914599035950492,-0.055644734163804686,27.944247309869095,0.09117254268186528,-0.45946938541364063,17.724748329884285,0.1473713256633216,-35.65837783175528,0.01790099362801948,-0.015022142167633444,0.11117183989631173,-0.04497758078375014,0.0018772355707178615,-0.0058256006278061346,-0.10307426752257848
0.020359533272068145,0.46043688187770354,-0.103323165006115,0.13527850788966633,-1.2914371480745388,-0.14571944136475773,-38.12767011480213,-1.4554956029245023,0.5052554367831401,-5.644919219208446,-0.0777162288944938,-43.812455327677945,0.01877535368087638,-0.0025446187412977257,-0.04452818964137445,0.30866347206402,-0.008830070507560567,-0.010908389625137965,-0.01267989402362671
0.023147615915887685,-0.8924916618832784,3.5921883802166463,-0.014345736808271661,1.7956491361792282,-0.07093314814787759,-38.505545092070854,-1.6638312765029486,-0.3552654878468123,-14.839842576731023,-0.2111828383407251,-41.777398113312664,0.008619158829667795,-0.01508655095747739,-0.050205654236521104,-0.05620702011005012,-0.012972993778908103,-0.01182951574145464,-0.013850784967459128
0.36832159509233564,-0.03999768546576638,16.48903702750889,0.3738759954880486,0.23299435493544296,0.5826443809139613,30.84776625424825,-0.618423075962428,0.10324915279234807,12.929717431369365,0.06616330861774086,29.461530281212646,0.02006872921917149,-0.07433548037393942,-0.030857180828061496,0.10474307403160185,0.0009516071137072076,-0.006805607656069385,-0.02964559475619802
0.07547367338953166,0.23139072512265677,-15.331349525019535,-0.0821501792827961,-0.2474444905470558,0.23357565492423832,23.838090726801973,1.1922517917479079,-0.12059813064977601,-16.07085411110842,-0.03354838714557998,15.392910280274196,0.009360481012845237,-0.025990996631856514,0.047468434235614,-0.03104371763959238,-0.013213926786588061,-0.039571922046292826,0.012639456489677932
-0.02693128881691133,0.08646207118818824,14.938925250891556,0.12036468299685373,-0.10846899087262556,0.08948283623985076,31.011570926279305,-0.44795371091915875,0.1247430297597626,17.16749507055861,0.07215456721427108,31.999710184174617,0.019652011787331114,0.5983476299607656,-0.06595974329404401,-0.028399701220268924,0.00248358393594949,-0.006828784002449922,-0.01840890696341386
-0.024214190670090917,-0.010381331902344478,-14.050475776911737,-0.16546067755446187,0.08396878731047731,-0.1222217385578,24.199221251186,1.2122427604420003,0.057813378706049516,-16.235096869487453,-0.2956265350453406,15.13535515995187,0.00902611231746057,-0.034942635550488536,-0.013187725700114325,0.11735812042997606,0.00485164857023343,-0.03966983289063474,0.009950551820195186
-0.013296358610963746,-0.2701611329761505,2.8925531349992806,0.28066945174140884,-0.49135040094366345,-0.20899245445804485,29.92969228719148,0.09683557493496574,-0.08560002572967737,6.064958517865078,0.022446022859273967,35.34385101323842,0.02028899029829565,0.10179506418562916,-0.037463140502558494,-0.032024945510605876,-0.00016091313300123437,-0.009955994839670117,0.2577726687421519
-0.005779454355412832,-0.5053275801911205,-8.791579634857788,-0.2689327006460937,-0.40818352605228786,-0.5603750661716087,-103.01674705255766,18.63426024867829,0.931116121926988,9.428574182643064,0.2416608858277615,13.001406983011462,0.12560125580919607,0.014897079253814631,-0.016464783819404423,-0.13860026907502337,0.12752092007931612,-0.10472226187883905,0.10037910530664662
-0.006948597254073552,-0.3101311765838108,-14.093082523497745,-0.06710909270167807,0.1953116469339339,0.1063650926710126,25.081369569069278,-0.38921098362429424,0.13350679404248392,-0.7550505260578854,0.21236593400966622,-38.30957363071154,-0.0867345694478417,-0.008284393465931064,-0.021382854941409898,-0.06094097428057589,0.0002373863378263787,-0.006536872316876853,-0.01849293380633346
-0.00892498161389727,-0.8218246582659254,2.0604665296027074,0.8400505225876562,1.808627749670833,0.014477755690751827,-101.14028356279651,-4.470296282187912,1.1088623468136725,7.2625040187237015,-0.026994669440723245,-14.701896328223016,0.26644173060502124,-0.0043661430777109265,-0.4193895135170517,1.1813342800171618,0.005414281700072451,-0.012999073750681564,0.12254882066772438
-0.010911020359938387,-0.3321737320491919,4.000044060420609,0.03182566037093983,0.16063581579524533,-0.2052839491815154,25.83692628388516,1.5467381417358652,0.08845059492969976,8.35913386649962,-0.4532429721809417,5.680716595701318,0.013813325408282973,-0.01816736048084242,-0.015641290257690687,0.15139086037758165,0.000980816063227161,-0.008685538381079995,-0.0413985791249823
0.022527796564652067,0.1753386559300586,-14.92645058385877,-0.08068439413875121,-0.26557935167380275,-0.29329510762410127,22.545155556468373,1.570060432833937,-0.19335294472701672,5.995506929256868,-0.10523160017053565,-44.53047741777295,0.007204290687313023,-0.011108588385494934,-0.007149067370667761,-0.040740952246420346,0.002304406595999846,-0.009303446788789927,0.09524766034294095
-0.04811835205391522,-0.0781663998333978,-13.538220730666383,0.9853633582047611,0.11792435036306519,0.04769503694694964,24.127339040606557,0.0810070020634154,-0.09394034613073825,-12.949962823278105,0.05929175490422638,19.684710946957424,0.015880271176977143,-0.046351451983562324,0.07473031066441523,-0.04302624382533066,0.000474820339859092,0.1739533083907381,-0.015182457864684945
-0.010187020255168499,-0.4240909323498221,4.539116537588818,0.06527171390350966,-0.43710732960717863,0.5489421314612739,-37.06322678434639,0.40145981754552584,0.12630299220732974,0.23366369568421577,0.415563161672423,-6.687623714583908,-0.09120050656536355,-0.022361439165221292,-0.030031771809872616,-0.06613119352274245,-0.016093346604464598,0.05603129158312513,-0.01740203555447391
-0.012452055456336878,-0.6242877759077149,-3.0406150486746175,-0.34842265283237717,0.5704352272455431,0.25236924552304624,-29.5418570122311,0.07270707420236612,-0.270138552038615,3.5873153637072006,-0.13883716955574743,29.7851298216382,0.0195864095503346,0.070281909862682,-0.0436711997494131,-0.04136737531851422,-0.016871335439986413,-0.039002583895165796,-0.08693097915256673
-0.022032297971992975,0.10481763299496306,-0.7845002364297257,-0.2395950654483518,-0.4374067700302935,-0.15000900220257038,-30.925170218604983,-0.8112260939748485,0.0902386813726336,-3.4204763797583215,0.1214350794152509,41.39171385560422,0.019533504368570456,-0.042727266129873175,-0.043619278240854195,-0.043464755227427966,-0.015678497790272364,-0.0389332303804236,0.0771870730943919
-0.010730084020149458,-0.5694652758212216,-10.882585869515085,-0.05858553759185956,0.20616150480109754,-0.5452108611204459,25.879520731207805,-0.9437003386162839,-0.2938620310562524,-11.651185384132665,-0.093777385052846,-32.366144351195224,0.018729031147857275,-0.013152914202081452,-0.0367812368585703,-0.06298825608542466,0.0025911895169647013,-0.01120833922417394,-0.052188891732337095
-0.0043446426568072676,-0.13349458268943165,-12.115269616388666,-0.15051923887800964,0.11292480447657925,0.46432239375910844,27.80468828202672,-0.007808407415400419,0.11445122603448091,7.006362017485808,0.07951459015806861,-7.230469193553791,-0.11014943901319313,-0.013332628480027873,-0.02859419969802455,-0.0389120517482068,-0.00140018577877896,-0.008926569556056535,0.1748930019153785
0.027829834183849815,-0.5581549359412429,2.450589889777061,-0.23409289780843187,0.41450847525367207,-0.6283075044517475,-28.271594455711984,-0.5408451118508533,0.06619770316997449,1.3326635723245859,0.13120532787818953,29.490978805265982,0.019927093352801455,-0.031877334308925885,0.10692757888841464,-0.047010861657609135,-0.01604133982628363,0.06288362584940878,-0.04773305724854019
0.03853829319981342,-0.044261370068774286,-13.295300374195577,-0.20147472771784475,0.09703763801011182,0.11686789606890027,28.65522844191949,0.07159626259992584,0.10587614666830239,15.849867955231987,-0.4211357029055847,28.141573315510087,0.014896482783087549,0.039910196382522814,-0.04746852177385762,-0.028952288157109894,0.002462651777358631,0.0628834710373675,-0.008748533134318679
0.06746980358749345,-0.15976578713569164,-13.61318523692722,-0.20953223490797268,0.12315929873736424,-0.03348633143700713,28.96614496397196,-0.8663616222313127,-0.1139071433497657,14.138479589759203,0.21084575646735054,18.408494268955828,0.011965132876684471,-0.022275860676656982,-0.024417468513824113,0.10586216958031541,0.0009048196710586219,-0.013223559675099994,0.10122550177359152
0.02845916925564782,0.36768558451028005,-0.35589244740900744,-0.036479334265437924,0.2576911464034787,-1.0642545739736322,26.435875496969068,-0.3699397463392516,0.014434368062748788,-6.414109034668708,0.025813537294073048,24.609605151357492,-0.11062562461147629,-0.020893122727181034,-0.02917111448892555,-0.03814847892358709,0.0015192635534851976,-0.03220810912469293,0.020025707090440572
-0.022868561346265977,-0.11646893688927624,-7.364857894994307,-0.5202547114190549,-0.39510172683005884,0.2299034691943822,-127.75467566286294,1.3144574055972336,-0.6590040938935972,8.291111311410672,-0.5052419157123857,18.972467713652026,0.27050712136148297,-0.04428124127717026,0.6068822133861853,-0.13482451958710534,-0.19247277098967827,-0.051577809906067966,-0.02463211761102684
0.034600545730862554,0.36170675060798685,-2.836989922741845,0.3699358916199904,-1.6015865067342094,-0.20035316617896484,-95.07481227128389,0.2943699416567063,1.1765647522030263,-1.144502028192143,-0.38901145545578425,-16.42612573284675,0.26605894548097875,0.003024404115849958,-0.3449179938123097,1.1495197664269567,-0.11755953439872052,-0.01745637054026956,-0.016030774088484676
-0.030226644715121726,0.5525410635239358,14.53771554217647,0.2979371142588047,0.172359753519528,-0.2597860453970515,24.466326491933174,1.981530694183679,0.05639795172684535,-10.55858106104507,0.10144541778776142,6.960521450280198,0.014354523284952554,-0.06461821245392792,-0.019591687977522365,-0.05332616997351347,0.0011852707981906598,-0.008561237190693119,0.18226861992163382
-0.00965766323394148,-0.2825400455323841,-3.0423785982049774,-0.10875911334674447,2.223528372354357,0.06948799638662387,-34.293401069663915,1.1016860459163542,-0.27292115471847206,15.747805807071844,0.5884545781292432,-27.784610345372315,0.020015775039164924,-0.018821426462519147,-0.19169642261722714,-0.0544950581885328,-0.018504277409968645,-0.011437762229596003,0.1072813716145063
-0.005785544991090575,0.7208482259235875,0.6723820995582711,1.0047470280999753,-2.03614591892693,0.43546498810129736,-103.16251680270582,-4.725120019026763,-1.5900478350693787,-0.5588347775994055,0.1367959306498857,-15.117608707112398,0.2766739925928642,-0.005466116539447621,-0.4245702824241951,1.6938759245381096,0.008793520122342103,-0.016854506820638385,0.11536984468149229
-0.0493954091822374,0.10626117561267624,-12.779647821451602,-0.1649139546046972,0.20671345957610898,0.33303669245194295,28.471189778714724,0.08235419460379143,0.08233742574464764,11.975228404518143,0.05375070148430716,32.84946907647387,-0.09604759689702291,-0.035139617106954076,-0.0326678075303368,-0.028161528501201235,0.0022439389034463932,-0.013428676997183824,0.10170521027336432
-0.023459366315657443,-1.0254701240430713,11.485262230507795,0.1299679282044211,0.3533489829192418,-0.014486967352100677,26.544253697828534,-0.7522018911955722,-0.1453243618484904,-18.6775047593013,0.015114919578442212,-45.863969834747465,0.008621041524036298,-0.04303595473255917,-0.03749047020547673,-0.04526199925707795,-0.001086970416308627,-0.006690625438997213,0.0057792079283167696
-0.005442840711674487,-0.9844781696214576,-7.279245881918029,-1.2069335878457554,-1.0558086501692043,-0.41531390390492556,-98.25576037560592,-5.083043765639939,-2.1877295946828914,-1.824500224377585,0.03788403579803846,-21.796241795279343,0.22620026199811497,-0.002992641497974967,-0.49539202858096,-0.43893642446501846,0.007734674859759168,-0.016955297395696234,0.08229017206983755
0.13785412294001143,-0.19201120434032037,16.464291126455077,-0.14625613466030818,-0.17490169170743194,-0.24091273850479744,24.97756091808503,1.799212301858292,0.1239275784415112,-11.626649791606678,0.11174946112762633,11.120957408646124,0.010727365084675835,-0.16471648474738998,-0.006740412807445573,0.21328810596737727,-0.004009161203441879,-0.009219957699808734,-0.025140746539608027
-0.046769062656757995,-0.19065115400949972,-7.441306279403691,-0.2325791126044672,-0.48672498055070185,-0.2825840154931235,28.365078524132247,-0.6774397009079495,-0.0884920455658237,-0.6478465579661117,0.2695379196749312,36.07781560591913,0.017030708243580064,-0.027117165773693927,-0.023846060747656647,0.13187163629142484,0.0005344048896473002,0.06294058569656694,-0.03546150923375864
-0.027706725089064393,0.0315085772397551,17.44777704627794,0.4425330076473815,-0.3274714728590049,0.877452557174371,30.986620736872332,0.5344116061000247,0.35093140417409896,21.772303526283043,0.04260358827745657,-25.7926126667027,0.019837656601172413,-0.056741850995352325,-0.06270556676189673,-0.04582672435344964,-0.0013775256966886697,-0.004413216692107786,0.11546601881197825
-0.050199562542538115,0.7343539110018641,5.823761167525141,-0.6548896464584537,0.34376617045865454,-0.3107591250769745,-122.05667064103702,-4.5602536784945045,1.5652622178886455,-4.820204405831453,0.061307937059832535,2.5924157398079095,-1.4548828594215228,-0.03927449871619101,-0.2941593864190062,-0.29395606016860626,0.01609765785456178,-0.013970509733058264,0.06952564023969478
-0.009716786629307056,-0.5820434467163988,-2.4930030732479844,-1.2893587907003965,-0.4191796165103929,-0.32381520314296225,-112.7335937267186,-4.5916173601311145,0.7466303220830948,-9.381916260075812,-0.08801182163799481,8.337495236130408,0.2621395934861984,0.060093038415373085,-0.19068379526464777,-0.21182820380164052,0.08445037421639137,0.34756869197014045,-0.006263096596467378
0.08456173190304966,-0.5758805031820072,-8.305763870737163,-0.31840711884025785,-0.21877608117527214,0.3630484772726533,-120.44038403805193,0.5450347182128918,1.2174911601154126,-3.2051320629412556,-2.1784471760410713,18.33710109710953,-1.4420956893178385,-0.01157335236873799,-0.1147031967585614,-0.1752203044262651,0.1615974185749548,-0.05068868239196101,-0.01535647885006161
-0.01051992529690216,-0.24048803116747736,-12.27911974284874,0.01541256839055654,0.2755132712561974,-0.30316272965588215,26.977520588273165,-0.1188761855588045,0.1460058772808239,-12.517161841732575,0.08132686986080549,-0.5062926809842596,0.016765269802396204,-0.010897234384554304,0.08067709597252579,-0.05606613246629028,-0.0014675015797112425,0.06447291092434691,-0.018178579872614023
0.3693923050416327,-0.2901732352122279,9.451461009555274,0.4688627122264852,0.39722973757240904,-0.242515297952385,-35.480991380926824,-0.8791153696349243,-0.17620330240970308,-16.721079368072576,0.03620637163152355,16.984134904527785,0.016689932741627042,-0.04366275617048027,0.11331180807719475,-0.04846474111123743,-0.016128393605714955,-0.01730768346035297,0.05520980011499532
0.03584863209296112,-0.5198565486833736,-8.393436330254435,-0.10485634679578383,-0.622560383298488,-0.1434998291198429,-36.47035487865713,1.4238347636630377,0.5492939374756037,7.432634152633689,-0.08445921624603765,-37.77834781628348,0.01324318620783769,-0.012592537512253837,-0.04453172233477652,-0.0746631458016121,-0.010768607591706414,-0.011824126100651105,0.04864094708486825
0.027884827615090535,0.1811610730542653,-10.693806479936557,0.2720120848072675,0.21607673133686672,0.07196521016668239,25.981624299007553,0.18526275295914435,0.12581619254678683,9.94038859582287,0.26336021639094787,-39.31503636213407,0.01900196002029708,-0.010967342761249825,-0.0210933204334149,-0.04307838267469544,0.0014190736982152923,-0.01109716588312537,-0.030092126677178695
-0.010150859984374233,-0.6522164919091652,-8.712801292076033,-0.2122517725425554,-0.4721583694749796,-0.28493947021738925,-27.869705210873693,0.049376016179548045,-0.2382363395908598,-6.282429857794727,-0.02256798136351945,-14.512078124398403,0.01993719699262719,-0.014542705291078066,-0.048920667735022655,-0.07266271520949903,-0.013377188987321114,-0.035367257507380685,0.10688230850142408
0.037052802052793724,-0.20156240676117992,-12.092733787067433,0.014628222902298071,0.2634211091019696,-0.2703087829964366,26.656429166273107,-0.8357095967337076,-0.13570814252873378,1.515620970184153,0.08536613788743067,-24.915120292816262,0.014737974912559225,-0.006500191182472821,0.0838948771149857,-0.0629049313749707,-0.0013989903559863276,-0.006533992586160915,0.24315188590133957
0.03399053574566411,-0.13993493001427051,-5.644202170354807,0.18985371891555702,-0.3088930936331842,0.03247676683759769,24.53724163003221,2.0023906711274093,0.16603120545661756,-12.028051309403553,0.4935154927205196,-27.974306338898938,-0.07024675766229739,-0.0194427744374046,-0.009663808697531964,-0.06252947412406525,0.00029466369884288587,-0.013018123165716398,0.0020330668880019654
0.09372502217134893,-0.522316711360985,14.676350602388052,0.14761365637504045,0.9407847891830802,-0.32570167902724617,26.47561507689612,0.10013644100530314,-0.1378703829359577,-16.7993214817324,0.09258713726301405,-33.2682055660286,-0.08187403709052445,-0.0378914106794002,-0.037049588762071116,-0.0624716016339092,0.003371537619460612,-0.006292124189306005,0.021657667394757364
0.03414028080878817,0.08420799824957304,2.0969901666159716,-0.12847405649383978,-0.4003643224080751,-0.09653686562066356,28.946693659899374,0.4082407499500723,-0.1958902706936595,5.7305965343514345,0.10008678399430394,-26.255264260776947,0.01960794021752123,-0.014257137835366947,-0.037990365010177767,-0.06170043043058922,0.00021613712097099427,-0.006436081741819001,-0.04886368513325671
-0.052058772996995635,-0.026030965542061905,17.69929396538823,0.15777972564114806,0.2528656678964014,0.5552311565943434,31.457033494340433,0.25089914255933543,-0.07185835689661739,13.623213562362736,0.08505456058762238,37.78318543133314,0.019772928693932153,0.7690816153892465,-0.044008833446481044,-0.026464152648301008,0.0015445799934910135,0.03132690836688629,-0.048887134201815646
-0.009685044565256226,-0.009592855198566619,-11.62255908024386,0.045408053995148086,-0.2714746232041382,-0.1881809882811521,24.901217935326024,-0.5781454962506862,0.08819332843311495,-10.791871387325058,0.059711320071614796,-23.280673652860575,-0.10024654100755269,-0.01121717130849409,-0.040385801693905245,-0.061672757968094676,-0.0003564578963797985,-0.009786701505177992,0.02691782772206261
-0.009278274147090385,-0.18672325674633025,5.111569653231166,0.118054275726459,-0.3394400704522181,-0.16554854253682913,29.755636213992013,-0.48854540077430725,0.16949486456649002,9.096637710115893,0.026299484803636017,-26.909248620320597,0.020071469621060573,-0.01516491063717072,0.04538127093646297,-0.044364168403419404,-0.002079112649533309,0.028749088590973956,-0.03280909294491313
0.0748733192867773,1.3455207875014414,-2.7761938508983954,-0.07195336281143927,0.35474774301452766,-0.133729033951765,-33.59134502837107,1.880151670171188,0.08219441347055435,-14.117544899265729,0.1654886958528601,18.40314812306029,0.012485113925874567,-0.008930699648696652,-0.022637269685069482,0.1478746713002267,-0.004265136014518333,-0.06561906469192741,-0.013375294482603347
-0.026492087343955823,0.20359362257453353,16.506831082545077,-0.05979884244758019,0.3195823125891422,0.4317380725801021,28.596043077435727,-0.5021165993522574,0.08797876262612572,1.9838193955926031,0.7406962309366387,-24.623474379384703,0.019191222830596037,-0.055078753567917735,-0.029459484867693987,0.24391885691679735,-0.0009446508823585377,-0.003968538274054926,0.21922526924671537
-0.007925131131782292,-0.22487116635460921,-9.724286297989723,0.04640414484825818,-0.2551884509995738,-0.2055383571878654,26.44644866988457,-0.8451087347687791,-0.2236301881583599,-6.800631479575895,0.03724598547100349,-38.11566570035696,0.01881731525178842,-0.01023628209581236,-0.022558521071673898,0.2670596353083297,-0.0011661352279182015,-0.010707266079600614,0.22700708531592206
-0.023662277587929534,-0.29522174858215966,14.654325197687756,0.08746234363267827,-0.1243437470692047,0.16791624208646505,31.29895621911996,-1.012975539424856,0.15304732919194672,16.421037051650966,0.08083745610141983,27.839001454113713,0.019250986256027943,0.49875958348532057,-0.05326397452479797,-0.02411081025236967,0.0012367632382052588,-0.006828784002449922,-0.010148491707764926
-0.023305478935077655,-0.6204173224712921,-12.983846853487819,0.5298941802630718,0.37337226785733535,0.29664816048201276,-24.33526460058437,-0.5253206605029305,-0.14375568044365702,-3.0413761270342907,0.14194720735394192,30.837985536949386,0.014690998403021922,-0.03498237598479706,-0.04275444140697561,-0.0413396731312082,-0.004292169776493081,-0.039103437961650445,-0.02541858688912885
-0.007848735715067076,0.46300329568724796,-14.027709474981313,0.02536425969383125,0.19749091030643878,-0.2713624841824681,22.28584181583399,0.22520897230839607,0.16977142237730694,-1.4292965933398085,0.06853250414113542,-43.40973336364288,0.012972015516350726,-0.010608614113428505,0.034962792352172395,-0.03962604364527656,0.002663900757179189,-0.006536872316876853,-0.002593374379339494
0.007188048834985686,-0.2657520640967795,15.059897866228537,0.0023892717255166013,-0.35137951636289944,-0.4736910831029559,30.65259296970327,-0.9084449047618773,0.17358855258280476,-1.6387520717321844,0.03797225789611577,-25.61080522240307,0.02029261032793619,0.07033144732640743,-0.0391235360917104,-0.061926999938852846,-0.002280028132682709,-0.0035056394536231374,-0.03993281660016652
-0.02301084235271651,-0.443200036088481,7.503949146791875,-0.20795897586005224,-0.4577063914530729,-0.2504054849964768,-36.8934989640299,-0.9356396759617678,-0.2789472396719399,9.901429054432837,0.1372413488333193,13.392032829561423,0.01718049804175004,-0.05684600074304408,0.10871143788747799,-0.053071701028713246,-0.018259361607312688,-0.010248676811644715,-0.032516806391317744
0.07554087024151804,-0.010635617152852078,-9.117756771915015,-0.1392085411503734,0.15449130295732205,-0.02384258393642795,24.556951429354534,1.297503897386523,-0.14162723850207354,-8.24285768609506,0.29375152789306586,17.123621360468242,0.00856694972502517,-0.03497759429778214,0.035027247092617904,-0.03025778320279133,0.0032111290522966332,-0.039571922046292826,0.08294935907337969
-0.010301167233845143,-0.20831839189754991,0.8044141127746122,0.009867603108611683,0.27789184921883187,-0.06728713029488329,26.584926120198844,0.11909356614714506,0.08306701051314831,-14.561856742866482,0.14193925194064733,-25.589675167987224,0.016783321163911773,-0.017494249056741518,-0.039787444823477985,-0.061924124504861795,-0.002007038872324566,-0.010704386348884674,-0.0057481703594750265
-0.11427126257353362,-0.23659853921580465,15.816041805000062,-0.11846055993751607,0.26757099157126907,-0.5428434653732374,28.028949957359686,1.5531818538549287,-0.08273149352959835,13.647024371585362,-0.03332421887229387,14.002810536486978,0.014114326852701913,-0.3025306036554724,-0.01600310624326933,0.13269654769400632,0.003056961488414559,-0.00922515448338737,0.18914079869984826
0.03461950833680368,-0.10774315244359359,2.3475358436637945,0.05792093712185159,0.5503034831535437,0.5720319367386135,-31.927189826352137,0.3011897967704561,0.13179865876938657,13.172383631643363,0.004839192752521071,11.005755944070128,0.019565539641210886,-0.011335573202258345,-0.19291147913739165,-0.045165808845871354,-0.016097953414535158,-0.011626845433218099,0.06322434509786141
0.14697892448420907,0.12826217593930622,19.242529360914318,0.08121221662934643,-0.1184373347572998,0.5839188546475397,31.504017582764675,0.3412935805699246,0.14717374318961396,20.456459683464566,0.07170204726718457,19.29802762563679,0.019716739928778163,0.4122897923444498,-0.05522215135120504,-0.027414647280057058,-0.0003455766421543367,-0.006600490333985559,-0.004605929800602714
-0.047550260017011264,0.8096725534282709,10.569895241201618,0.007707157171985507,-0.42798472394435305,-0.24183127378845992,-30.91007677036789,0.4337480478942614,-0.015828685980034375,-4.547966184357158,-0.09282909682675933,19.454176499320486,0.0192699388293619,0.5903442694252786,-0.04187491282759285,-0.0422632609817695,-0.005023209017218269,-0.011721783117472611,-0.018284571556093743
0.02313549580548598,-0.1674377470469666,-12.665579694379678,-0.13195880355076345,0.23624557843585225,-0.0872278554857129,25.96126740033032,-0.40273654265440156,-0.12395859743398059,-4.939940487316803,-0.6326427869299264,5.5944101930842915,0.014690998403021922,-0.038191693704804776,-0.03527652085135148,-0.05764494396015239,0.0020229368196732706,-0.009418025706088047,-0.04024714269556485
-0.1413687243432171,-0.44594567675175173,10.420619327658327,-1.4279895563482947,0.5290016262318171,-0.3303908205945412,-122.07745916584813,-4.2198868269971035,1.3097558021800404,-2.419380140199296,-0.5146825853402062,6.921972754463733,0.26523634109265776,-0.3101430150249246,-0.21410026581979957,-0.20265458425357993,0.1130571827298189,-0.01728027924731159,0.09801090155363389
-0.00993913681006883,2.5196763090951637,1.0388507972699603,0.11070882279713007,2.3561757139504165,0.09373216461284609,-40.52130759179723,2.6686102663108597,0.1318781143406299,7.798158456998861,0.25218792531726075,-26.948285905040713,0.013906713830567704,-0.006360725099108524,0.08283225269734752,-0.04893863083851874,-0.006923509741031132,-0.013849409890769639,-0.004333967993272168
-0.026751464351171993,-0.4221042355690131,7.683934382156284,0.8052593329418748,0.5548097991799609,-0.330487281786431,-126.1881068869493,-4.030502343361279,-1.4690687972478598,-2.5208185506403877,-0.054611220361657956,1.3926666927066065,0.2699646181577277,-0.11659643637672237,0.838906532644087,-0.30466868998787433,0.006392222596585742,-0.014391782482731826,-0.05584824869179956
-0.009845419607297356,0.23026393026345032,7.818129124639001,-0.011883725436896345,-0.4434896872815073,-0.10443125771873411,28.22483699221453,0.298128904589933,-0.20117174152784764,-0.9980046501540875,-0.11570629054075911,-22.1137117993095,-0.10901959354603877,-0.015154849707490422,-0.03738030579234044,-0.06218925034810991,0.0015126669940817399,-0.005369883242008843,-0.0530527327232011
-0.01569248934286563,-0.475559517839083,11.23170674179106,-0.08201506376303981,0.46140100846572474,-0.3501687286673303,-29.330617516850218,0.12672755627689755,-0.15050425538617168,-0.10119578460263606,-0.07874148754473473,9.235981491868532,0.019472126962903562,0.2072740625894706,0.010030316213002401,-0.06325381246281042,0.03155326708999456,-0.009780822047211318,-0.021555140343790902
-0.022830832874783033,-0.16311994329074783,2.5529256141936916,-0.3156983985776705,0.14505136100849877,0.17640728510183126,24.9211086678508,1.3603817989590772,-0.07812564553191355,-15.217511567227394,0.35792809870272185,23.275432794686633,0.00825506378196866,-0.05492885125720777,0.026004149066275732,-0.031006435367719264,-0.0027305183238526495,-0.03555393672624038,0.001065317848398914
-0.01082903277192265,0.22436691168073258,5.205377282395206,0.2027050073619253,0.22137185602976353,0.26767704537991216,28.798008457651186,-0.25333725450574796,0.15081283624540842,16.68865866080174,0.07777985060220483,10.049807349247901,-0.10899580860713465,-0.025015933476409832,-0.048729673223607946,-0.03209439686710629,0.001346305741378606,0.029617379156966474,0.0016826843323521803
-0.11850450190070978,-0.15457273168500907,14.206043948174795,0.5711947268122783,0.13119052920059987,-0.055451987047904855,27.87949301787317,-0.6975005336537579,0.0565957454342186,-9.356546241319634,0.22715769241304368,30.879180820052074,0.01982346864974013,-0.1619936373197795,0.07492178665295214,-0.03064406621106508,0.0008164559007680848,-0.011946829580896878,0.11635823001480713
-0.044900676733653826,0.2508330100432524,12.29460702044611,0.28843073936709385,-0.46608304932659794,0.396608300791481,-27.99959845063093,0.2929358447859464,0.011769624253034093,0.7476613437130266,-0.052161420700641524,37.0045088224495,0.020094305864216466,0.6793272351021722,-0.048135903667891645,-0.03830501490388912,-0.012992616711547183,0.057544999104361116,-0.05570466711314328
0.08721045932704925,-0.7553933330303585,8.663320689462722,0.9308611098224777,0.5480382765582256,0.07169962329494065,-121.47131606202055,-4.904741036980575,-1.133724140740624,-1.746434449090727,-0.06857375159412936,-5.307653071276743,0.2695788793202516,-0.08270660750597934,-0.3419971160315698,1.389286708635642,0.004820631334047899,-0.01448969332707374,-0.05021684342818078
-0.0036243516919250156,-0.5921223204198514,3.281191007539377,0.1719258672522288,1.8080600678858245,0.4050874755082714,-37.024187592980454,1.3357666791032075,-0.23051224781010943,-10.021936802930771,0.33284808540217825,-40.59967141374978,0.017862657558134862,0.06594499553707606,-0.036120425677338065,-0.07453785129358605,0.032362561515946006,-0.011328442596881313,0.005363092193808938
-0.04329768121792621,-0.22666002392910187,-13.029643806388778,-0.16195375001835416,0.10400316314918312,0.07039142689354894,26.09368553495502,0.2520093232600701,0.011330491099686497,-7.0386140726542346,0.04402690658832348,33.16707966369486,0.01877113796309248,-0.039354236550652365,-0.02768831030042929,-0.030856017097890237,-0.0046687667014176735,-0.037087977648234266,-0.024385613758985392
0.09979703059918887,0.25548771403684983,14.749375655771079,0.23136242159045328,0.3420048393506785,-0.2679464742320618,26.424141062093728,0.15524855315041586,-0.12124378998233197,-16.260513095749072,0.02556643761987076,-30.960756432064084,0.016983626603084934,-0.03921138524785321,0.07757190353437544,-0.05883231765279901,-0.0016055301387090585,0.027149645833964956,-0.017452128001526623
-0.020397540559805475,0.015821455222324057,2.77678413395547,0.683714198840522,-0.4064929774098922,0.8475653278149335,-30.25915069463642,-0.3686461707443846,-0.17114364733852572,13.220158736305908,0.04135599169881881,37.3619386981512,0.019565539641210886,-0.0372007700776183,0.6116375219298102,-0.03550960441077262,0.030707552018292898,-0.015192818306261017,-0.008347830005107087
-0.031142630479871605,-0.0013982528005542943,13.590115453378475,0.2701363505960099,0.29568986787608564,-0.08141885290186736,27.6528139286262,1.4617489511047599,0.26426618558308007,18.471970929775274,0.08622733003201442,-28.002650145232238,0.013494172273002755,-0.057176761405521095,-0.042768320509663386,-0.03927089682374597,0.0003451931342339898,-0.00722336560297263,0.1112994293880225
-0.024639338093664895,-0.015447305025284921,-12.563209820737287,0.011495273830664702,-0.12993169005391564,-0.010013771894675236,25.113183880629226,-0.049857528258812775,0.09858336342335515,-7.841292306740645,0.2789630805095116,12.671536674969502,0.01877113796309248,-0.042367213139526,-0.031357780680011424,-0.03256640128154537,0.00032914203333728404,-0.037160274385119194,-0.016608001420246134
-0.022154318477915838,0.3081361689613613,-13.20816135663309,-0.06828317498028842,-0.13439654822934288,0.11751451093423558,25.682879976757604,-0.29912877565949936,0.10422752570470963,-4.027727497254027,-0.24105255762569172,15.817940107575373,0.018698729041275723,-0.02332677194368685,-0.02895816698292143,0.12126071219975311,0.0028982220287434544,0.06328100085902062,-0.023456782114085205
0.023712896965988058,0.2723515669596194,-11.543667459605803,-0.16919298048152084,0.3402631232436622,0.6854649692861543,27.455008888994065,-0.3356872189722164,-0.15275657258404912,7.894393336308423,0.12685525667226435,-25.334655447045265,0.01871747030833085,-0.005305274000959002,0.0785077421713378,-0.0408168383230993,-0.00022813301497789592,-0.005944625591787487,-0.024642187902395203
0.07041840238554835,-0.0687650287918851,-3.6184711883669345,0.14049240353792697,-0.11612919836389611,0.13346680493986265,28.578319153955093,-0.17085573222350625,-0.10777812842850468,15.556810480199799,0.11320851104831886,32.42821181398589,0.019565539641210886,-0.019070108092163526,0.165906311510215,-0.030106338409347046,0.0002350309423896733,0.06363412084398884,-0.003572618473984321
-0.02282222088110566,-0.22771666921578212,-4.9672631696566905,-0.21830783837945245,0.12663276896152975,0.05418322786168997,28.08170469744945,-0.4944340903784539,0.09774213819453494,16.16364472920074,0.16564827754142986,17.708283739112247,0.019575447296311752,-0.046731322832504904,-0.047575906036184286,0.10271578157253097,-0.0033077960684680346,-0.013223559675099994,-0.008748533134318679
0.033707223011031025,0.11711770843134874,-12.067621497201511,0.10374831238297703,0.8907177614590995,-0.13380012907916064,27.14931486151482,-0.8257323129753219,-0.12440105483392375,-13.57875383491497,0.09267130267173156,-0.6013166450970865,-0.10054149230769993,-0.0044049369709035086,-0.036556164857627846,-0.057553210648555536,-0.0008703341975437731,0.06559453025389432,-0.022658664481329107
0.03173829964100829,0.5283623195669184,1.6386094165381075,-0.2963340951407038,0.3278044195085769,-0.11638435847037146,27.406863070702336,-0.5110088364737784,0.15843093956826754,9.751711796429817,-0.7342901186797121,-30.067246808423125,0.020238701158685556,-0.009527625976555014,-0.020492915476028373,0.15538642915471756,0.0055135919550412015,0.029823661663266797,-0.010528665517701487
-0.015576996545722645,0.5362943526740598,-8.606451688562297,-1.3404323557754303,0.42600711845058187,-0.3817900457830147,-120.6335712888556,-4.111198486085148,0.7480158661947022,1.69045549362507,-0.13078748003844418,7.7707555027319675,0.25739538154429314,0.014729026962654233,-0.2830929886647118,-0.19894293340056332,0.10057432504909877,-0.05174801748729481,0.2431091980567915
-0.010523395872689972,0.15360492609062562,-14.193337057712984,-0.10852373416241148,-0.21229347393845233,-0.23709732706236988,25.3210816678338,0.11145833980018685,-0.2604267147807539,9.295348923321477,-0.08730190237387418,-46.028440830691856,0.017765182373087295,-0.009539292371410227,0.0471636620964432,-0.04259281353353837,0.0022437402831619185,-0.006891799127616292,-0.033527224889794885
-0.14158933004429333,0.16756843456332904,14.194280077727406,-0.11302437873331038,0.18005585820458828,-0.04982830873232481,27.076395017831217,1.59748019527804,-0.08190776735346024,5.998881701916708,-0.001512130360934656,23.491312392082104,0.01342165375984173,-0.28308158247491155,-0.01565507403263769,-0.030007184344447543,-0.004210316576165717,-0.009341285730108211,-0.08674486336148698
0.0800595630288083,0.15414966458765442,18.296461292482725,-0.06206098938808968,0.12191192360899027,0.0853183522310904,30.032377635523666,-0.4119629020151119,0.024459757548616803,19.681915136154906,0.024674417387041733,12.059857843223876,0.019793304419797524,0.24175734013256137,-0.04885423072138116,-0.028322171806358064,0.000970781009882805,0.03166732352933998,-0.026530935740152497
0.12168695770228657,0.3011395204234206,-9.421371099925139,1.6162245791272358,0.15237828618804222,0.11214995222223743,23.640142681838405,1.748130504880019,0.05293935417625856,-1.6916954505657353,0.06800483412665714,11.32004925439414,0.013455510676586797,-0.02391015403123401,0.04227897543884993,-0.033008554107785186,0.0041053097427037185,-0.014746079822166672,0.25412263615015557
-0.009823194279484335,-0.23917827251553184,-2.6466425691105546,0.46541265370131374,-0.514206670329501,-0.12840136311434489,-91.16933421246756,17.770105282184854,1.26065905919191,10.60877530897945,0.18597951514859035,-2.959398682068718,0.12752793579275576,0.028794722925860012,-0.07210294686246348,0.8319824003987941,-0.10240396117792518,-0.09565286208690084,-0.008743732144093125
-0.00658742436067149,0.08304899632935035,-1.2075685497064255,-0.12370912173376021,0.3384019540774013,-0.32802210771487755,-28.224824752697483,0.09505911761111517,0.11216086310637224,-10.636251102900118,-2.594910316296466,-14.954682234440197,0.016689932741627042,-0.004093508030043589,-0.043782115671613955,-0.06443903786278762,-0.008901821668930351,-0.03963556211444636,-0.0143351165111577
-0.14259525510325935,-0.022094157800376345,9.683108198489505,0.2731272005259608,-0.17200226902376048,-0.0361617980129867,30.249571381179837,0.3019058535506627,0.06220135798477862,11.760276831338437,-0.08409050826913043,28.476872393670785,0.019642104132230248,-0.2645629624251373,0.06685675428681648,-0.02729510124131518,0.002556471492056165,0.03247605942319883,-0.04284684073561026
-0.02455548783708774,-0.15502221875576896,1.874941738658015,-0.45407888213598546,0.24854563592022996,0.10086626168530746,29.64478775568983,-0.23054100462721802,-0.07014978222699392,0.17644705837783992,0.06929481038609366,36.39548664267166,-0.1057891033509645,-0.0402089075960262,-0.03437360625545518,-0.03305909227175057,0.0008580477377922696,-0.012983998579130962,-0.028605088951240264
0.038924178279057225,2.13096790069785,-9.379228116116629,-0.3964686520289728,-0.2891833048604097,-0.40537595283503913,-32.742124316845185,0.005531915415931268,0.18435605652792458,-12.580964149306824,0.03999627503586603,-4.397928007641228,-0.10208270828150448,0.002683451485032365,-0.04673142181080888,-0.06738853890713865,-0.030274748118232813,-0.038717877270739685,0.009713461909458536
0.09365012874360532,-1.2604772026809206,5.453213950488008,0.7221920492750964,-1.7279956957795748,-0.25871102893005643,-100.75761055953205,-3.8299385343127526,-1.8078020507332138,-6.757898783546801,-0.6665063134046831,-26.178105027594498,0.2251164411049486,-0.05159218248261293,-0.4988324108655203,-0.41674753773112533,-0.007483712155491253,-0.012988960891608578,-0.018371666996103136
-0.00998926012024128,-0.04329344928065825,2.8453650219999833,0.030001143710658287,0.5560958515757124,-0.12354778054258041,28.039577062375777,-1.575492745732552,-0.15140181298960081,1.4217454652240467,0.4308841749279983,-25.10358926231466,0.019057092421994215,-0.013074740855619592,0.07168179259831034,-0.059621541776658495,-0.0021145313712082527,-0.006533992586160915,-0.0596193682380353
-0.026509869695397866,-0.07946678964126129,14.369009563030213,-1.3147285538077274,0.14967547289683297,-0.08039782856474674,31.58588261433437,-0.6537212259628113,0.1545421496920153,4.1666016769215934,0.04140651934600739,3.4326085321367983,-0.11543640894532566,-0.06013706356289119,-0.033899561183950475,-0.05341159589382136,-0.007016651492208372,0.014284786588653176,-0.0905251924706682
-0.009958166946282303,-0.09827401174470969,-1.0079102718215471,-0.07156256454684116,0.14066854034664683,-0.07599833583362549,29.252830451170215,-0.26092755262232387,0.12376586050464203,4.843009568350608,0.10009939016388385,-4.486182588442289,0.019565539641210886,-0.015565476561377791,-0.03224795651176093,0.23487040031248696,0.004300847204587947,-0.009515936550429961,-0.07645379822426243
-0.02631214372421561,-0.4245685144660627,-1.6925626448727922,0.7051224981360633,0.5873525069287072,-0.2654847968870244,-130.2184941998935,-3.854730162750446,0.6073945159836004,-5.273395411696539,0.0035449053663820164,19.462892372260725,0.26975689310198137,-0.032605601535629865,0.6638518712818242,-0.19829991415937412,-0.08777184932752612,-0.07561243546042908,-0.01784870669539506
-0.01004038921759624,-0.00593327739758606,-12.944858814045965,-0.2015029293793776,0.05103864948693429,-0.1596604600951308,26.279623061844976,-0.05242677211356808,0.04730897939616662,-14.718334586597765,0.3256007554313409,7.087081550387367,0.01283399284027872,-0.015905576638859227,-0.02402920923524827,0.23812779721688732,-0.000601888606139753,-0.013588419468811808,-0.010150956737601595
-0.01994330598860473,0.2311991198974246,3.674042239474717,0.29066855077164877,0.4107777773921464,0.09432860865111677,-103.71278010488419,20.625092673725764,0.8572555306725157,-4.185498324021446,0.6505663140883214,14.531784140150421,0.13829256646188476,0.021936602531578732,0.20629679284701063,0.6043297043780458,0.15272554012716594,0.26876092884486835,-0.03791639277375585
0.072011886262003,-0.3871695527743796,-12.365455020310268,-0.08403495348414598,-0.14970860331388905,-0.03141934084025054,25.24312048338225,-0.3560055871090784,0.09895831255091135,-1.9543209570742497,-0.45844379704985844,9.524857289055182,-0.09631519551674889,-0.01490196007070457,-0.02959952299202403,-0.03964185279787014,0.001979391570977966,-0.013252117004699719,-0.0420309082773919
-0.024519794414138006,0.18126234767291105,-11.854940978319195,0.9069111216121776,-0.14550153092769744,0.10015466423600693,22.891306011761625,1.7527181420432938,-0.057023704512830474,-7.926994813724127,0.15673946151158408,12.384358079129584,0.010094552348717608,-0.04632608441114617,0.035483565460280565,-0.03195658484795011,-0.005565176476227672,-0.039571922046292826,-0.025923786277510033
-0.013533572739265276,0.13009999109349965,1.6314856716967165,0.03500825782187178,-0.168661249715645,0.10062995086764875,27.99452206366732,0.05282690006676135,0.11597521777412598,0.6859972446556519,-0.011834050195617157,32.36620486287476,0.019565539641210886,0.06685624108644415,-0.03149700402205498,-0.032541061430740474,3.412667096489952e-05,-0.013081909423472876,-0.026402038911304805
0.09607527374611127,-0.37215225913439154,14.837340639396361,0.06912283074720905,0.22338502662987889,-0.06997581972638058,32.59665215630329,0.199984585269401,0.037983092305601075,19.07332447673462,0.020993254384316692,4.37079116757603,-0.10922550208019274,-0.04474787422406647,-0.05324592773596844,-0.03902059904590365,-0.0019705628231667925,-0.005456531763106682,-0.0260662030970395
-0.14152934056486738,-0.0942747420913684,9.604793285035958,-0.06460219210932344,-0.1721331174089367,0.020351532529481135,28.820913128536045,0.3561227429371163,0.10114475841675592,-1.5729049693108492,0.046332996577833796,27.926320335460343,-0.10903371375380255,-0.33110020594457973,-0.02731445634757749,-0.031260052819741986,0.00291931352806743,0.03158670258709312,-0.033173574069779936
0.03721371691820724,-0.5007539042500861,-4.924817647086963,0.009408112037526027,0.3108718402479212,-0.21227563029369376,24.228281451077304,0.26578977084884126,-0.1657403921929667,-16.358805058331367,-0.02849313817718285,-32.56418171884588,0.009707361013494935,-0.011267625023007273,0.07085899952557369,-0.06074792535383958,0.0010050892909780913,-0.01120833922417394,-0.020657573711741237
0.03663111258811083,0.17963465599954614,-9.001890979090579,-0.02233517806479391,-0.1925846272655137,0.1262970573925099,27.94179689768604,-1.1156420208254252,-0.17265407589052453,13.553768528469154,0.07822997355750645,7.272641769449463,0.01997808119877584,-0.003971979314368126,0.08355176735171478,-0.034095069684574104,-0.00023578123843367505,-0.00986270412414091,0.07024352495184571
-0.00855869244823023,-0.9513001060027899,-9.47054292877137,-0.03316308139902787,0.9076010968679273,-0.08400903018156368,-35.518291153991655,-1.5552145232389358,-0.49389493324538297,-10.619005707216742,-0.24571874600840468,-43.91774881509305,0.018273741072802187,-0.01058476166031256,-0.048383735912979065,0.21614581881579356,0.019844253512714904,-0.01614066619720875,-0.02606603915090029
-0.008978953008017076,-0.2631832001126887,2.329484532495465,0.09622246478869831,-0.15830995456582006,-0.003408653006114044,28.914478216666247,-0.3104047535384411,-0.13422933383376212,12.170837689054613,0.5176760959733477,6.270635319145994,0.016945098834327613,-0.019949791291888886,0.0625590327970433,-0.04280070260889992,-0.0019632528601403487,-0.006459375481369391,-0.02666742556977325
-0.02394323119568178,0.4061117442127694,3.8260184066643808,0.014159597380995006,0.1589689916107309,-0.05315302145829176,23.60050118936126,1.6055171470687724,0.056993831230293196,-1.1194061784900018,-0.3341254268807296,7.718633740364477,0.013419736424051974,-0.03407056991262315,-0.011493397899972772,0.1600925170466033,-0.006250420917885222,-0.01263576092641251,-0.026631625357511898
-0.005242387593677961,-0.9548626135350343,-2.9509269344771405,-1.5870901053017146,-1.740414259611379,-0.1833293129655601,-100.5623807992468,-4.619474294231356,1.6569295905231587,13.08672963353272,-0.1667092402084636,-23.073636414920692,-1.0755291678306358,-0.009228695849378452,-0.6270255127571428,-0.3620396084260715,0.007717607942779714,-0.017310224206435673,0.020616819811889765
-0.021283912818846142,1.0666600677650864,2.5635351425047053,-1.8993387516277458,0.5958870809078973,-0.2693222892938067,-28.048021631278573,-1.118714161452605,-0.18528275250315443,1.2439049989071598,-0.0616970324477289,35.565452624305095,0.019930481669950782,-0.024418409378331066,-0.04326338262440725,-0.040747163394236,-0.03412339376441932,-0.013928365888843384,0.05382216320199478
-0.011321921368941917,0.3521813726842116,4.851543939346596,-1.2889747819425474,-1.3467927187831552,0.02636355385503553,-100.81569338871051,-5.690467473013853,1.5744744682170642,-7.372627993895362,0.06960498768188643,-19.663960676847633,0.2551570217580663,0.07188974788740367,-0.4536920140860569,-0.3430445580513631,0.011927007396100574,0.042676091923417106,-0.006901238518945056
-0.009194447103801245,-1.174519040629913,2.3255812387394954,-1.4048681885157561,-3.0510092787536487,-0.4203782004337748,-121.39956377456556,-6.2240006570452175,-2.0871196483628474,0.3581909862604101,-0.004854320968021489,-15.909645432621105,-1.4794751412372478,-0.012747596162317621,-0.5881378268052059,-0.4484421235985126,0.007358608227665407,-0.012543356364884272,-0.06604989141966998
-0.11862019049961454,-0.16422626393460657,13.808536784344797,0.028301168241165246,-0.1717600490548248,0.1978173903851801,27.75174955447302,-0.39382973694208206,0.07879896816616536,-8.906115139449543,0.06054475249729942,31.293637510569813,0.020358596615329738,-0.29115882029925405,0.06679991574418503,-0.029588470139003058,6.069348055572626e-05,-0.011946829580896878,0.17792859864613667
-0.01327256020568572,-0.2605445293715029,-15.27879818505175,-0.25314796950329627,0.12568046744984546,-0.1486577548720046,24.39216538010477,-0.07549649073125629,-0.11954504354898034,-12.146940264773672,-0.01216510262102145,11.254934298953383,0.015970064506470677,0.08302279353433718,-0.032654643593697116,-0.032867889418161614,-0.0056874943343509145,-0.037160274385119194,-0.06565806420459358
0.0839165339120911,-0.035690953032523565,-3.0560155379029625,-0.0037309969513730852,0.41335629851692945,-0.17898236129074907,-31.76225826699526,-1.3443566043670894,-0.0989490213837328,-17.123055018123942,0.051332035691167996,37.21307068239583,0.017096449407236536,-0.02177712383877895,-0.043849487011353695,-0.040614470534143327,-0.006818295764439319,-0.06303720944952691,-0.024990307395025498
-0.010735606010273215,-0.14642256702595952,-5.679557167382231,0.3092133319481625,-0.30696794882538464,-0.1587090473303626,27.392261554527288,0.12448670614355425,0.1978192673932531,10.467063616665495,0.5600234834473385,-32.58508853993727,0.01851457995760177,-0.019843366047570064,-0.01496635595818304,-0.04579919903762949,-0.0016655299893121288,0.03905416917364972,-0.01871895248492639
-0.009853377572189428,-0.2635020570891589,-8.783297422400155,-0.1520355105036792,0.582278310243627,-0.20055105321945924,24.968342980369073,-0.3254431477050508,0.14631811387376778,1.5330850293813785,0.4486615567621195,-23.589179965830876,0.018989034697054374,-0.012402500063311657,-0.028153022019932437,0.2542957871902694,0.0027977362026558044,-0.006436081741819001,-0.04434257413575309
-0.0054876005488111125,0.39656341034896875,-6.047513498180805,0.1758649067216532,2.3580147345018716,0.2667677855963427,-29.24707294684891,-0.9165774440264666,0.19092215976118698,10.743050024820553,-0.05102395863585559,-19.10960684515364,0.01960794021752123,-0.002684387656781078,-0.049220040495172444,-0.052081374058251015,0.018216068379332793,-0.011437762229596003,-0.013851780804864698
0.035561163207067495,0.20362741711190013,4.67648734092597,0.17914398034315643,0.3418427907416498,-0.18131831357747288,26.9275197566502,-0.539843781013145,0.023316848222379994,-17.036043626439998,-0.03517845766711083,-25.42289573242508,0.016783321163911773,-0.012247807584426534,-0.037898144066145785,0.24911310227392364,-0.0004016893140684074,-0.009540277004732605,-0.019902362310802387
-0.005720943380720766,-1.0657744884771168,-10.196543937345975,-0.2011553028072954,-0.3052246955004792,-0.2642671687097414,24.4124249574281,-0.6921815890804766,0.1828613388498001,-17.528581304137838,0.07976764841641651,-45.20534000882419,-0.0863233106138433,-0.01137417769117426,-0.035630665483776254,-0.04432293521034906,-0.00037715615589417156,-0.010707266079600614,-0.0007529744584071578
-0.015946597563930142,-0.1895999204228251,15.841254391618701,-1.3164161226378361,0.49752897428409376,-0.13220047013184227,27.53998130150488,0.11915125633337342,0.15250126196040778,0.9454196738044969,0.02191931278493548,-28.533773609942934,0.024572083418684096,0.1413533918108505,-0.021475315814623253,-0.059881939563548765,0.03326096204823628,0.006314475142840976,-0.02372319392524211
0.5315172367083829,0.16344546640774288,17.50374042055726,0.5445459947641479,0.22044521476637738,0.6637234504928934,27.744058451327497,1.7606574969967232,0.05429904313264144,-11.633218115741242,0.04000878517771603,36.9745725357549,-0.0747067975285639,-0.1438873693830461,-0.008013259285565653,-0.028567250328480922,0.003640403823839832,0.05940628834710541,-0.0279458473048523
-0.031189593280410377,0.16415406106408365,16.631975439499193,0.14575477563603131,-0.3517470334897339,0.04143991133171053,28.198991222154557,0.32093950981885294,0.14860552871201121,0.634304660350233,-0.02519662548115336,-25.673109129489088,0.019880068770371236,-0.05380707239880109,-0.034117606419964724,0.2511719742245058,0.0014674753459381442,-0.00406644911839684,-0.031650031111595964
0.03853079863537865,0.1329798162814109,10.386629384923676,0.038558612476132945,-0.15601681488789268,-0.010323340676877724,27.835830033827246,-0.6722753105935652,0.09475464094354849,-6.003456104519879,0.03583661493376402,26.292893705794786,0.019584492214544842,0.09676868869301022,-0.030919750862790186,-0.03251438790357741,0.0015155189307564433,0.04628656512953227,-0.03135249639286504
0.016525376101516446,-0.2710814423724542,-0.3039408482031134,-0.722768510676282,0.4339779099539909,-0.24845614381705597,-32.465934269923885,-0.40253796769393,0.1871040878447548,13.561099001160114,-0.06690045214714357,10.210658538648707,0.020343023227515737,-0.01652430508896023,-0.1870654079407341,0.18502194277765263,0.057415888323440474,-0.03405602735798441,-0.016182620367146527
-0.006445990463683059,-0.08272565365755835,9.86124181763804,0.11760160158553438,0.34422975407347933,-0.18162112273491715,28.017294282406375,0.14237408664533774,-0.14863249886207244,-12.1531920357723,0.08458302625470202,-29.265905829689178,0.017303658759141718,0.07388300518675457,-0.04199768482398721,-0.060426656160105494,-0.0023954989545157054,0.043329746701458685,-0.027281374688212096
-0.029545339607692876,-0.06607332927844149,-5.730623007691531,0.7430388994262198,0.30169619862101227,-0.08446397800343194,24.466897051458567,1.475056094915048,-0.09829749990117276,16.894219756319664,0.0398307719901924,-30.609863960616458,0.013333671716315651,-0.01731744189833485,-0.022213857603959608,0.16862072068090864,0.000250655482343721,-0.008483672789425158,-0.030535873488501675
-0.005514403893776783,-0.7336377390124021,-3.5965395143149856,-0.18748817189592576,-1.3607926405265711,-0.0769293659951817,-36.597817364731725,-1.6369182496988033,0.5088973441445518,-12.966322627197252,-0.10198345428126829,-44.00409352380444,0.014921781831174628,-0.021340333394784607,-0.048140452091315206,-0.0736849587212433,-0.01821602420621899,0.07652321795222175,-0.014049695361676018
-0.025810535171532454,-0.5632128610829361,-8.981755885778787,0.6873733259516799,0.2519689431782071,0.38314814884321613,-109.6900969199573,-4.2260325862806525,-1.1292054037914399,-7.134113345132246,-0.023338852046791456,7.553966791714423,0.2624317442329143,-0.02183464976522261,-0.2305592180522818,0.7845798788481493,0.07699294759716321,-0.075684732197314,-0.020482172631769418
0.06599787169990697,0.7101481642073392,-3.140921640824192,0.6265492280617794,0.4815839669448158,0.24463467417805604,-26.128119684132592,-0.9693868422800056,0.12901351644739684,-5.259298990996318,-0.09874837259866066,20.86015991307113,0.02010542063581369,-0.010110758876333278,-0.040190695162989364,-0.038081948682037355,-0.006903510297247178,0.3178342724596661,0.0006114389647717177
-0.020070842667375657,0.6922810381563407,-2.7032278797651172,0.3219402526338863,0.42206462521562454,0.4117258340937667,-30.225246522163257,-0.4183444856791721,0.11109070962206555,13.184787825361834,-0.042689534759684705,35.55427819728982,0.01959111628625586,-0.030332032319869733,-0.16081866157856156,0.1361579756172812,-0.006874544376235383,0.2056042459444769,0.0008503866100400458
-0.013085200087804581,0.49269053864474377,15.958376388342442,0.32491809373068853,-0.33538110481827565,0.015836360104391507,28.56694889807334,-0.3071206282033014,0.11530532082653111,7.96903400608574,0.10389497083807873,-31.253447737197522,0.019335673611610288,0.1117281556280796,-0.022806601697807273,-0.04221240695148997,-0.0006937897787461078,-0.008629622415361296,0.08059275142882957
-0.0027123332780649317,0.6154428078111055,-14.90320080000197,-0.08499792978155234,0.3523893797786248,-0.17781850256608336,24.513691704280674,-0.44322665585393517,-0.2152043007492913,8.37238726683936,0.4791143275954831,-45.6970466440591,0.012206566778352796,-0.003241638157398208,-0.019892829680637276,-0.040291757086274034,0.00010852087189106348,0.030643435662631568,-0.01945019013458406
-0.003455537579387133,-0.039690271502011154,7.804821602344966,-0.04209578058136791,0.16903911797479296,-0.09281488787665854,29.34817114304912,-0.2597262231014056,-0.17664980227697924,4.294298398257365,0.05755882438098726,-9.127655801348652,0.019864658391261326,0.02732480677784563,-0.0356705019633757,-0.06072520998513559,-0.0016023313444009821,0.029674493816165923,-0.06292052465409717
-0.009026917115891365,-0.08488022874122916,3.3623796054958848,-0.20661545483117189,0.11515153189102492,0.3357485132161648,27.831242402860127,-0.27906242857407115,0.1548073928998658,17.08611343876677,-0.3383413885228366,5.098342333742356,0.019930481669950782,-0.018213648175406643,0.1424555726261784,-0.03854926667566865,0.0034837577151504502,-0.005639601482004621,-0.00977840311692562
-0.022045042006176248,-0.16842086574244355,-13.017966679904767,0.003427184353446479,0.8381115302118901,0.0883422279437798,25.806442877381617,-0.3667386888940149,0.08510450677454916,-14.670831045080984,0.06541687650586626,12.084712260340899,-0.10377730027262738,-0.03445668090577023,-0.030741756855603108,-0.032285902778115314,-0.0002637536738893554,-0.037160274385119194,0.009420099346980028
-0.009219525109657761,0.009404228920532063,-7.179788140812855,-0.05550585813172567,0.27048629786188616,0.05263371892185573,26.10876119102431,1.3318092892325668,-0.07810207846753206,-0.08832786229703311,0.18977905914262494,30.729848342098496,0.013777147938055581,0.05742104331130619,-0.01427610917722625,-0.031584498914505224,0.003001353846245146,-0.0153956462403046,-0.024856880585084867
-0.022888871190724316,-0.3837603815517207,-7.593250180137023,-0.06922009684605371,0.5051402212316137,-0.23082000176565579,-32.85218761341677,0.13281936586267468,0.10257947685219944,5.892851607751619,0.14808303094945682,18.559336530852843,0.0195145517952365,-0.044873890682558315,-0.042157909840263644,-0.03636367692028334,0.02995455722237126,-0.03917279147639264,-0.01643419112264855
-0.030187835651709398,-0.3002370317640758,-7.996622960138262,0.790506066455866,0.41840416325716145,0.6996312022738402,25.3436675867649,-0.3688067238318768,0.1297794617528298,1.5300770062146893,0.1440991881161994,-23.269233359160417,0.020100434583254875,0.005017871435379404,-0.03636397409731361,-0.06996449165306654,0.003422847403702785,-0.005616307742454231,-0.05944147210356226
-0.004534807362701069,-0.319722215526742,-13.238838243373854,-0.042014529937020255,0.2795463212997653,0.40090187978199016,26.209118324489246,-0.382853746666765,0.15867028089996246,0.9299574987242049,-0.013788191026390787,-23.950403149013148,0.0187731648902265,-0.008272555981848154,0.0802626660172065,-0.06050587962750492,0.001553936778878878,-0.005973182921387212,-0.05975680064009629
-0.007926267718561029,0.6473479830350435,-5.322937273738861,-0.04561095119048708,-0.3175704593950399,0.015159403410905123,23.26036727699966,1.752297511785008,0.2098699386278049,-2.9114391336134653,0.07489290363881561,-40.32537904648864,0.011901362771451077,-0.010667025739348,-0.004928429000262989,-0.06267853421308074,-0.0029084980292746468,-0.009449593122623815,-0.008477715931020037
-0.023677096985674374,0.12031111638932711,-12.776098617434108,0.02823632881354846,0.11764491983180358,0.028499657288506727,25.622849752562157,0.3041318619791456,0.04023382013912477,-0.48798811495602895,-0.023952617528226836,24.527669207444273,0.015030363786716846,-0.034745644702138596,0.06421351192129622,-0.02952384015577329,0.004522966411113505,-0.012164224579766193,0.1024245720720102
0.0704298920134204,-0.2923182447827459,-5.202451697142644,-0.19772937266996288,-0.2535701565528711,-0.053001905256380155,25.85661579687588,-0.43327737735588323,0.11274011819236351,-15.807801714444139,0.021981982422665195,11.641584236333342,0.016689932741627042,-0.02798065787395065,-0.03146556312508008,-0.03329810049413859,0.0007175885575078362,-0.03725818522946111,-0.0023817880667868956
-0.030563133280524412,2.493702442699234,7.06623697345636,0.12463860566688037,2.3840612863594273,0.23209028742347004,-37.47617609918351,1.0544933534048204,-0.1766661158349845,2.7533536603289592,0.7838719686743398,-26.741797832930732,0.019351536902177262,-0.049111181466344946,-0.0490704221999848,0.30037340910870974,-0.004586763330060543,-0.006152325385178905,0.1804536882386471
-0.023655773354595382,0.009165480838156399,-11.126580581869023,-0.6613577554649034,-0.2644005419174152,-0.63100626210604,26.381786067356117,-0.32879753178514554,0.027483998562995705,-16.821462195821553,0.0511310997517401,29.74036122050968,-0.10356684992146514,-0.04712336245737228,-0.02956453961102396,-0.037425011458698206,0.0039187405463056504,-0.03220810912469293,0.020702206860714032
-0.11804326126828737,-0.2140615671131161,17.052413753163332,0.055470647197474424,-0.20198680331308902,-0.21637380073963866,29.05002328253578,-0.6272223569288969,-0.10527076970785121,-13.540807245727688,0.04184935578332113,26.30978588430712,-0.10244255050267631,-0.28245872685183115,-0.03414435070773063,-0.03262012489362435,0.0023556474364418113,-0.011946829580896878,-0.045472688504807554
0.03196066786899286,0.5859403297599519,8.588741173571515,0.44184427793338,-0.3623887989720139,0.07894988528186601,29.228331745497837,-0.48921543241682147,-0.3143221030142753,10.221927538987734,0.11364720921436057,-36.86119598470264,0.018150466314936213,-0.008085920122436474,0.04762073468948598,-0.04343230454074952,-0.0006267522634182786,0.03319007742469386,-0.023070521052768873
0.036941682707310027,0.3877218797069527,-9.088488844545275,0.33033579121790946,0.2336461991550159,-0.19519201261587935,-37.457676570198075,-1.991971210019827,0.12930335324507317,-14.252322751105872,-0.17688086904605535,-27.753059645515034,-0.10232049736278331,-0.0023223801541508078,-0.04946609618505695,-0.07034817432543279,-0.003053634437827526,-0.015538802477577572,-0.030956896822127038
-0.02132540588127579,-0.015015754444640672,-4.7866154111340276,0.07900461529512039,0.21135657140676448,0.4732530314803087,28.555801771034655,-0.11796501175650946,0.018502588680797197,13.959568299030744,0.07873803771127859,29.164441862727394,0.019565539641210886,-0.038121109970583676,0.14041517298927356,-0.02765413041962114,0.00023798255534753545,0.06363412084398884,-0.009257382576928529
-0.01257251114164829,0.059390538466594055,-13.151616990292972,-0.14316370212994725,-0.15033681374111474,-0.3044270652303681,25.74876040184503,-0.42584530971138657,-0.12862748183492909,-13.796054934248236,-0.7527787590341746,9.614228297637467,0.01720036268175612,-0.017893047148944134,0.0773086208094906,-0.051245150486677694,0.0019220429986736257,0.06579035194257815,-0.035201935868635424
0.0962670654872327,-0.1936736816203237,12.843829804334808,0.23378908665787004,-0.43677641255986366,0.08793229856558002,29.969635148461045,0.14578774381833623,0.15631419639696875,3.6095183115459926,0.12720545232933103,-28.299044162971608,0.019684504708540593,-0.049417154049346386,0.08281941401241169,-0.06013607927267987,0.004395992226339249,-0.004367039523746134,-0.05691606809508548
-0.0203265083793496,0.4201954993600764,13.733474699182562,0.06038285275298252,-0.43598241050857506,-0.33961137121778057,27.267558487953316,0.015237692582000407,-0.21226192012951095,-15.209778555819351,0.057414474556887064,-40.227702841017745,-0.06795574895139939,-0.06806653943224764,-0.037918525015929745,-0.06502007070896951,-0.0021082641445721692,-0.00579105104473268,-0.00991274225010505
-0.013416553880926335,-0.5280113137141915,-10.415854517100401,-0.019458128870010534,-0.4843001523990919,-1.1121026716925,-36.8987557198026,1.9322899812626344,-0.21331292485682254,-17.0649390471142,0.038983172415314314,8.985693980424394,0.010200715910850366,-0.022528437362799702,0.08347889097006621,-0.07297500678284759,0.016096988145407394,-0.04204720977562,-0.009199240083509643
-0.14257040970090964,0.2737510071812377,12.709295845008311,0.26204203175623947,-0.43856705999206347,-0.3335222753659256,-29.725557924569394,0.14434183827644892,0.012088910891097052,-6.952332992960539,-0.09131389450609488,40.58970829166675,-0.10186896654033187,-0.3118994246102995,-0.04326808565172614,-0.03695577913262342,-0.006414283302091232,-0.01664106378509301,-0.018384205062817
-0.14140743423892985,-0.11935270043810037,17.19915564350551,0.05845596593772874,-0.16079859002329525,-0.12185974175686244,26.67349875992664,-0.04937802579826733,0.09321558429610188,-11.531029684167565,0.061316542613181986,12.291871582107143,0.017546560904685087,-0.33576215958595024,0.07625249937640036,-0.03161359784764832,2.2343600635239068e-05,-0.012019126317781808,-0.04178785166535875
0.0416061624396083,1.3628044072274337,-2.6267630837024387,0.06331713117374087,0.5005317715545947,0.31119600456622465,-31.981129118739407,0.1367244834573656,0.09615827928962346,5.360750049798688,0.2987622429556801,31.410908212057645,0.017357640391892568,0.04076989906741859,-0.031515664631657773,-0.034701313526785196,0.01618370912734042,-0.039002583895165796,-0.005285230405795885
0.09170641343742912,0.05323333649245456,15.733492385022744,0.08755388146838897,0.43856932623870576,0.6927127291270596,-28.201329902559433,0.3152844236407868,0.06305524066903805,18.88461427622119,0.36296152577529206,-11.21468977704093,0.020073930138351095,-0.05398532523099126,0.5024510665129872,-0.043654793006252184,0.025044576906815462,-0.009850175561953507,0.004078166165997566
-0.13871163953313162,0.021631009588956526,9.875119592830705,-0.0695257666587619,0.42338845592757157,0.27674533707589005,-29.75203985700446,1.8517929783861946,-0.029530438269456755,0.5067661671146434,-0.1823298129355095,28.669186937667465,0.014274066183803074,-0.3323017088486735,-0.023308134988228143,-0.03886922335211713,-0.009043109090277673,-0.01413343077864625,-0.057793917976864215
-0.011078517338331746,-0.46458513459787587,-6.364768824028116,0.10541293971290246,2.3544045805382665,-0.08713160951770241,-35.00163268346776,2.7470391882257945,0.13939858692818158,11.718501861228244,-0.011062762727242702,-24.463800111103808,0.013787113806033452,-0.015322278662651673,0.0877749362666889,-0.05167438736848987,0.018257588127326304,-0.014224734794080311,-0.023896739657120695
-0.021970755857609395,-0.19514821485023198,-12.081618320096856,-0.18345291589322688,0.12162785121663874,-0.008915112828508615,25.553590748364556,-0.033958977034947366,-0.10719287875926961,-7.8265122455586615,0.04016049654412155,11.488809774396325,0.02035225822209177,-0.03426914460512232,-0.03213486169290531,0.1721821582072635,0.0013099772772524256,-0.03725818522946111,-0.059268362357194404
0.037191008343507706,0.7565150090151794,-9.612502334061096,-0.07972779502492133,-0.18602548996931248,0.4095383755884081,26.705925362842127,-0.6776604700245776,0.13327265049858303,4.259471057823353,0.0564151584842562,-8.646237133470342,0.01997808119877584,-0.0027377223556505855,0.07848988204247305,-0.0543318753481258,-0.00010672522517067997,0.04520689505365318,-0.057705549523704346
0.1000030423521701,0.22312429150324617,12.058166991746129,0.04533771764662548,0.36700433744380273,-0.012308666886141597,25.347823200145786,0.021573679034297646,0.12064962117634373,-16.15077585014663,0.0950431435678202,-26.64686504632289,0.016783321163911773,-0.0358628695944746,-0.039722505497659655,-0.05927719153401659,0.0018760780826232058,-0.00618667256370795,0.01528533738191734
0.03143397246515431,0.5219284029317006,-1.9414997357423605,0.12417081207893677,0.6114183141344088,-0.24011662483792473,-38.03662849868614,-0.45556832934559177,0.16817819974223994,-5.331064978295026,0.2962843696576512,-3.6725211148254306,0.019594399869645708,0.005511328828797225,-0.04325671494286171,-0.0643941737167331,-0.00909953978009627,0.1888534676016262,-0.01556682476309981
0.03930306707979328,-0.006098823582949734,-11.202594042347272,0.04690459348391654,-0.18449707274091945,0.16771222983130563,21.380005429828234,1.908964591999061,-0.05770557831799773,-10.98818772408186,0.07070181928588669,-21.10217943068658,-0.07605975847946017,-0.007374470887541699,-0.020366526242314564,-0.057179402629009696,0.0007219313437343914,-0.016097977974327358,0.20058142133519669
